1;0;;послуги;;0,00грн.;;0,00;0,00грн.;0,00грн.
2;0;;фотоальбоми;;0,00грн.;;0,00;0,00грн.;0,00грн.
3;97;4901;фотоальбом 200 фото 10*15 280;;280,00грн.;;1,00;280,00грн.;280,00грн.
4;89;4901;фотоальбом 200 фото 10*15 595;;595,00грн.;;1,00;595,00грн.;595,00грн.
5;91;4901;фотоальбом 300 фото 10*15 350;;350,00грн.;;1,00;350,00грн.;350,00грн.
6;98;4901;фотоальбом 300 фото 10*15 410;;410,00грн.;;1,00;410,00грн.;410,00грн.
7;90;4901;фотоальбом 300 фото 10*15 420;;420,00грн.;;1,00;420,00грн.;420,00грн.
8;92;4901;фотоальбом 72 фото 10*15 199;;199,00грн.;;9,00;199,00грн.;1 791,00грн.
9;93;4901;фотоальбом магнітний 340;;340,00грн.;;1,00;340,00грн.;340,00грн.
10;94;4901;фотоальбом магнітний 365;;365,00грн.;;1,00;365,00грн.;365,00грн.
11;96;4901;фотоальбом магнітний 550;;550,00грн.;;1,00;550,00грн.;550,00грн.
12;95;4901;фотоальбом паперовий 155;;155,00грн.;;3,00;155,00грн.;465,00грн.
13;0;;фоторамки;;0,00грн.;;0,00;0,00грн.;0,00грн.
14;85;3926;мультирамка 2 фото 150;;150,00грн.;;1,00;150,00грн.;150,00грн.
15;88;3926;мультирамка 3 фото 290;;290,00грн.;;1,00;290,00грн.;290,00грн.
16;86;3926;мультирамка 4 фото 170;;170,00грн.;;1,00;170,00грн.;170,00грн.
17;87;3926;мультирамка 5 фото 270;;270,00грн.;;2,00;270,00грн.;540,00грн.
18;99;3926;фоторамка 10*15 30;;30,00грн.;;34,00;30,00грн.;1 020,00грн.
19;100;3926;фоторамка 10*15 40;;40,00грн.;;5,00;40,00грн.;200,00грн.
20;101;3926;фоторамка 10*15 45;;45,00грн.;;4,00;45,00грн.;180,00грн.
21;102;3926;фоторамка 10*15 70;;70,00грн.;;4,00;70,00грн.;280,00грн.
22;107;3926;фоторамка 15*20 40;;40,00грн.;;6,00;40,00грн.;240,00грн.
23;106;3926;фоторамка 15*20 45;;45,00грн.;;11,00;45,00грн.;495,00грн.
24;103;3926;фоторамка 15*20 80;;80,00грн.;;1,00;80,00грн.;80,00грн.
25;105;3926;фоторамка 15*20 85;;85,00грн.;;1,00;85,00грн.;85,00грн.
26;104;3926;фоторамка 15*20 95;;95,00грн.;;1,00;95,00грн.;95,00грн.
27;108;3926;фоторамка 20*30 60;;60,00грн.;;2,00;60,00грн.;120,00грн.
28;109;3926;фоторамка 20*30 70;;70,00грн.;;1,00;70,00грн.;70,00грн.
29;110;3926;фоторамка 30*40 115;;115,00грн.;;2,00;115,00грн.;230,00грн.
30;111;3926;фоторамка 30*40 130;;130,00грн.;;1,00;130,00грн.;130,00грн.
31;0;;дитячі;;0,00грн.;;0,00;0,00грн.;0,00грн.
32;71;6209;Футболка дитяча Cotton Road white 2XS 9-10;;150,00грн.;;5,00;150,00грн.;750,00грн.
33;70;6209;Футболка дитяча Cotton Road white 3XS 7-8;;150,00грн.;;1,00;150,00грн.;150,00грн.
34;69;6209;Футболка дитяча Cotton Road white 4XS 5-6;;150,00грн.;;1,00;150,00грн.;150,00грн.
35;68;6209;Футболка дитяча Cotton Road white 5XS 3-4;;150,00грн.;;3,00;150,00грн.;450,00грн.
36;72;6209;Футболка дитяча Cotton Road white XS 11-12;;150,00грн.;;3,00;150,00грн.;450,00грн.
37;77;6209;Футболка дитяча Stedman ST2000 black 2XS 98-104;;150,00грн.;;2,00;150,00грн.;300,00грн.
38;75;6209;Футболка дитяча Stedman ST2000 black 3XS 86-92;;150,00грн.;;2,00;150,00грн.;300,00грн.
39;80;6209;Футболка дитяча Stedman ST2000 black XS 110-116;;150,00грн.;;1,00;150,00грн.;150,00грн.
40;79;6209;Футболка дитяча Stedman ST2000 blue 2XS 98-104;;150,00грн.;;3,00;150,00грн.;450,00грн.
41;73;6209;Футболка дитяча Stedman ST2000 blue 3XS 86-92;;150,00грн.;;2,00;150,00грн.;300,00грн.
42;76;6209;Футболка дитяча Stedman ST2000 orange 2XS 98-104;;150,00грн.;;1,00;150,00грн.;150,00грн.
43;83;6209;Футболка дитяча Stedman ST2000 pink XS 110-116;;150,00грн.;;1,00;150,00грн.;150,00грн.
44;78;6209;Футболка дитяча Stedman ST2000 red 2XS 98-104;;150,00грн.;;2,00;150,00грн.;300,00грн.
45;74;6209;Футболка дитяча Stedman ST2000 red 3XS 86-92;;150,00грн.;;2,00;150,00грн.;300,00грн.
46;82;6209;Футболка дитяча Stedman ST2000 red XS 110-116;;150,00грн.;;1,00;150,00грн.;150,00грн.
47;84;6209;Футболка дитяча Stedman ST2000 white XS 110-116;;150,00грн.;;1,00;150,00грн.;150,00грн.
48;81;6209;Футболка дитяча Stedman ST2000 yellow XS 110-116;;150,00грн.;;1,00;150,00грн.;150,00грн.
49;0;;жіночі;;0,00грн.;;0,00;0,00грн.;0,00грн.
50;10;6206;Футболка жіноча B&C grey S;;150,00грн.;;1,00;150,00грн.;150,00грн.
51;23;6206;Футболка жіноча Cotton Road black L;;150,00грн.;;3,00;150,00грн.;450,00грн.
52;1;6206;Футболка жіноча Cotton Road black XS;;150,00грн.;;2,00;150,00грн.;300,00грн.
53;28;6206;Футболка жіноча Cotton Road black XXL;;150,00грн.;;4,00;150,00грн.;600,00грн.
54;24;6206;Футболка жіноча Cotton Road white L;;150,00грн.;;1,00;150,00грн.;150,00грн.
55;29;6206;Футболка жіноча Cotton Road white XXL;;150,00грн.;;4,00;150,00грн.;600,00грн.
56;19;6206;Футболка жіноча ST2600 Stedman black L;;150,00грн.;;1,00;150,00грн.;150,00грн.
57;11;6206;Футболка жіноча ST2600 Stedman black M;;150,00грн.;;2,00;150,00грн.;300,00грн.
58;8;6206;Футболка жіноча ST2600 Stedman black S;;150,00грн.;;3,00;150,00грн.;450,00грн.
59;26;6206;Футболка жіноча ST2600 Stedman black XL;;150,00грн.;;2,00;150,00грн.;300,00грн.
60;3;6206;Футболка жіноча ST2600 Stedman black XS;;150,00грн.;;2,00;150,00грн.;300,00грн.
61;22;6206;Футболка жіноча ST2600 Stedman blue L;;150,00грн.;;1,00;150,00грн.;150,00грн.
62;16;6206;Футболка жіноча ST2600 Stedman blue M;;150,00грн.;;2,00;150,00грн.;300,00грн.
63;9;6206;Футболка жіноча ST2600 Stedman blue S;;150,00грн.;;2,00;150,00грн.;300,00грн.
64;21;6206;Футболка жіноча ST2600 Stedman dark blue L;;150,00грн.;;2,00;150,00грн.;300,00грн.
65;15;6206;Футболка жіноча ST2600 Stedman dark blue M;;150,00грн.;;2,00;150,00грн.;300,00грн.
66;20;6206;Футболка жіноча ST2600 Stedman grey L;;150,00грн.;;2,00;150,00грн.;300,00грн.
67;13;6206;Футболка жіноча ST2600 Stedman grey M;;150,00грн.;;3,00;150,00грн.;450,00грн.
68;5;6206;Футболка жіноча ST2600 Stedman grey S;;150,00грн.;;2,00;150,00грн.;300,00грн.
69;7;6206;Футболка жіноча ST2600 Stedman ocean S;;150,00грн.;;1,00;150,00грн.;150,00грн.
70;14;6206;Футболка жіноча ST2600 Stedman pink M;;150,00грн.;;1,00;150,00грн.;150,00грн.
71;6;6205;Футболка жіноча ST2600 Stedman pink S;;150,00грн.;;1,00;150,00грн.;150,00грн.
72;17;6206;Футболка жіноча ST2600 Stedman red M;;150,00грн.;;1,00;150,00грн.;150,00грн.
73;18;6206;Футболка жіноча ST2600 Stedman white L;;150,00грн.;;3,00;150,00грн.;450,00грн.
74;12;6206;Футболка жіноча ST2600 Stedman white M;;150,00грн.;;3,00;150,00грн.;450,00грн.
75;4;6206;Футболка жіноча ST2600 Stedman white S;;150,00грн.;;4,00;150,00грн.;600,00грн.
76;25;6206;Футболка жіноча ST2600 Stedman white XL;;150,00грн.;;4,00;150,00грн.;600,00грн.
77;2;6206;Футболка жіноча ST2600 Stedman white XS;;150,00грн.;;6,00;150,00грн.;900,00грн.
78;27;6206;Футболка жіноча ST2600 Stedman white XXL;;150,00грн.;;1,00;150,00грн.;150,00грн.
79;0;;чоловічі;;0,00грн.;;0,00;0,00грн.;0,00грн.
80;45;6205;Футболка чоловіча B&C dark blue M;;150,00грн.;;1,00;150,00грн.;150,00грн.
81;38;6205;Футболка чоловіча B&C grey S;;150,00грн.;;1,00;150,00грн.;150,00грн.
82;53;6205;Футболка чоловіча Cotton Road black L;;150,00грн.;;4,00;150,00грн.;600,00грн.
83;51;6205;Футболка чоловіча Cotton Road black M;;150,00грн.;;1,00;150,00грн.;150,00грн.
84;35;6205;Футболка чоловіча Cotton Road black S;;150,00грн.;;11,00;150,00грн.;1 650,00грн.
85;30;6205;Футболка чоловіча Cotton Road black XS;;150,00грн.;;3,00;150,00грн.;450,00грн.
86;54;6205;Футболка чоловіча Cotton Road dark blue L;;150,00грн.;;1,00;150,00грн.;150,00грн.
87;44;6205;Футболка чоловіча Cotton Road dark blue M;;150,00грн.;;2,00;150,00грн.;300,00грн.
88;34;6205;Футболка чоловіча Cotton Road dark blue S;;150,00грн.;;1,00;150,00грн.;150,00грн.
89;61;6205;Футболка чоловіча Cotton Road dark blue XL;;150,00грн.;;1,00;150,00грн.;150,00грн.
90;57;6205;Футболка чоловіча Cotton Road white L;;150,00грн.;;1,00;150,00грн.;150,00грн.
91;33;6205;Футболка чоловіча Cotton Road white XS;;150,00грн.;;1,00;150,00грн.;150,00грн.
92;64;6205;Футболка чоловіча Stedman ST2000 black XL;;150,00грн.;;4,00;150,00грн.;600,00грн.
93;31;6205;Футболка чоловіча Stedman ST2000 black XS;;150,00грн.;;1,00;150,00грн.;150,00грн.
94;66;6205;Футболка чоловіча Stedman ST2000 black XXXL;;150,00грн.;;4,00;150,00грн.;600,00грн.
95;42;6205;Футболка чоловіча Stedman ST2000 dark blue S;;150,00грн.;;3,00;150,00грн.;450,00грн.
96;59;6205;Футболка чоловіча Stedman ST2000 fish-wolf L;;300,00грн.;;1,00;300,00грн.;300,00грн.
97;55;6205;Футболка чоловіча Stedman ST2000 green L;;150,00грн.;;1,00;150,00грн.;150,00грн.
98;47;6205;Футболка чоловіча Stedman ST2000 green M;;150,00грн.;;2,00;150,00грн.;300,00грн.
99;37;6205;Футболка чоловіча Stedman ST2000 green S;;150,00грн.;;2,00;150,00грн.;300,00грн.
100;48;6205;Футболка чоловіча Stedman ST2000 grey M;;150,00грн.;;1,00;150,00грн.;150,00грн.
101;39;6205;Футболка чоловіча Stedman ST2000 grey S;;150,00грн.;;1,00;150,00грн.;150,00грн.
102;63;6205;Футболка чоловіча Stedman ST2000 grey XXL;;150,00грн.;;1,00;150,00грн.;150,00грн.
103;56;6205;Футболка чоловіча Stedman ST2000 red L;;150,00грн.;;2,00;150,00грн.;300,00грн.
104;49;6205;Футболка чоловіча Stedman ST2000 red M;;150,00грн.;;3,00;150,00грн.;450,00грн.
105;40;6205;Футболка чоловіча Stedman ST2000 red S;;150,00грн.;;2,00;150,00грн.;300,00грн.
106;58;6205;Футболка чоловіча Stedman ST2000 white L;;150,00грн.;;3,00;150,00грн.;450,00грн.
107;46;6205;Футболка чоловіча Stedman ST2000 white M;;150,00грн.;;3,00;150,00грн.;450,00грн.
108;62;6205;Футболка чоловіча Stedman ST2000 white XL;;150,00грн.;;4,00;150,00грн.;600,00грн.
109;32;6205;Футболка чоловіча Stedman ST2000 white XS;;150,00грн.;;5,00;150,00грн.;750,00грн.
110;65;6205;Футболка чоловіча Stedman ST2000 white XXL;;150,00грн.;;11,00;150,00грн.;1 650,00грн.
111;67;6205;Футболка чоловіча Stedman ST2000 white XXXL;;150,00грн.;;4,00;150,00грн.;600,00грн.
112;50;6205;Футболка чоловіча Stedman ST2100 dark blue M;;150,00грн.;;1,00;150,00грн.;150,00грн.
113;41;6205;Футболка чоловіча Stedman ST2100 red S;;150,00грн.;;1,00;150,00грн.;150,00грн.
114;60;6205;Футболка чоловіча Stedman ST3000 dark blue L;;350,00грн.;;1,00;350,00грн.;350,00грн.
115;52;6205;Футболка чоловіча Stedman ST3000 dark blue M;;350,00грн.;;1,00;350,00грн.;350,00грн.
116;43;6205;Футболка чоловіча Stedman ST3000 dark blue S;;350,00грн.;;1,00;350,00грн.;350,00грн.
117;0;;чашки;;0,00грн.;;0,00;0,00грн.;0,00грн.
118;151;;чашка для сублімації 200;;200,00грн.;;1,00;200,00грн.;200,00грн.
119;154;;чашка для сублімації біла 160;;160,00грн.;;1,00;160,00грн.;160,00грн.
120;142;;чашка для сублімації кольорова 170;;170,00грн.;;3,00;170,00грн.;510,00грн.
121;152;;чашка для сублімації латте 250;;250,00грн.;;3,00;250,00грн.;750,00грн.
122;153;;чашка для сублімації прозора 160;;160,00грн.;;3,00;160,00грн.;480,00грн.
123;141;;чашка для сублімації хамелеон 195;;195,00грн.;;6,00;195,00грн.;1 170,00грн.
124;150;;чашка для сублімації хамелеон 225;;225,00грн.;;8,00;225,00грн.;1 800,00грн.
